p1_degen_1,p1_degen_2,p2_degen_1,p2_degen_2,p2_degen_3,p2_degen_4,f_primer,r_primer
A,C,C,A,C,A,GCTATACTAGCAATTGGCTTAC,CAATATAGCGGACTATAAGTT
A,C,C,A,C,G,GCTATACTAGCAATTGGCTTAC,CAATATAGCGGGCTATAAGTT
A,C,C,A,C,T,GCTATACTAGCAATTGGCTTAC,CAATATAGCGGTCTATAAGTT
A,C,C,A,T,A,GCTATACTAGCAATTGGCTTAC,CAATATAGTGGACTATAAGTT
A,C,C,A,T,G,GCTATACTAGCAATTGGCTTAC,CAATATAGTGGGCTATAAGTT
A,C,C,A,T,T,GCTATACTAGCAATTGGCTTAC,CAATATAGTGGTCTATAAGTT
A,C,C,G,C,A,GCTATACTAGCAATTGGCTTAC,CAGTATAGCGGACTATAAGTT
A,C,C,G,C,G,GCTATACTAGCAATTGGCTTAC,CAGTATAGCGGGCTATAAGTT
A,C,C,G,C,T,GCTATACTAGCAATTGGCTTAC,CAGTATAGCGGTCTATAAGTT
A,C,C,G,T,A,GCTATACTAGCAATTGGCTTAC,CAGTATAGTGGACTATAAGTT
A,C,C,G,T,G,GCTATACTAGCAATTGGCTTAC,CAGTATAGTGGGCTATAAGTT
A,C,C,G,T,T,GCTATACTAGCAATTGGCTTAC,CAGTATAGTGGTCTATAAGTT
A,C,T,A,C,A,GCTATACTAGCAATTGGCTTAC,TAATATAGCGGACTATAAGTT
A,C,T,A,C,G,GCTATACTAGCAATTGGCTTAC,TAATATAGCGGGCTATAAGTT
A,C,T,A,C,T,GCTATACTAGCAATTGGCTTAC,TAATATAGCGGTCTATAAGTT
A,C,T,A,T,A,GCTATACTAGCAATTGGCTTAC,TAATATAGTGGACTATAAGTT
A,C,T,A,T,G,GCTATACTAGCAATTGGCTTAC,TAATATAGTGGGCTATAAGTT
A,C,T,A,T,T,GCTATACTAGCAATTGGCTTAC,TAATATAGTGGTCTATAAGTT
A,C,T,G,C,A,GCTATACTAGCAATTGGCTTAC,TAGTATAGCGGACTATAAGTT
A,C,T,G,C,G,GCTATACTAGCAATTGGCTTAC,TAGTATAGCGGGCTATAAGTT
A,C,T,G,C,T,GCTATACTAGCAATTGGCTTAC,TAGTATAGCGGTCTATAAGTT
A,C,T,G,T,A,GCTATACTAGCAATTGGCTTAC,TAGTATAGTGGACTATAAGTT
A,C,T,G,T,G,GCTATACTAGCAATTGGCTTAC,TAGTATAGTGGGCTATAAGTT
A,C,T,G,T,T,GCTATACTAGCAATTGGCTTAC,TAGTATAGTGGTCTATAAGTT
A,T,C,A,C,A,GCTATACTAGCAATTGGTTTAC,CAATATAGCGGACTATAAGTT
A,T,C,A,C,G,GCTATACTAGCAATTGGTTTAC,CAATATAGCGGGCTATAAGTT
A,T,C,A,C,T,GCTATACTAGCAATTGGTTTAC,CAATATAGCGGTCTATAAGTT
A,T,C,A,T,A,GCTATACTAGCAATTGGTTTAC,CAATATAGTGGACTATAAGTT
A,T,C,A,T,G,GCTATACTAGCAATTGGTTTAC,CAATATAGTGGGCTATAAGTT
A,T,C,A,T,T,GCTATACTAGCAATTGGTTTAC,CAATATAGTGGTCTATAAGTT
A,T,C,G,C,A,GCTATACTAGCAATTGGTTTAC,CAGTATAGCGGACTATAAGTT
A,T,C,G,C,G,GCTATACTAGCAATTGGTTTAC,CAGTATAGCGGGCTATAAGTT
A,T,C,G,C,T,GCTATACTAGCAATTGGTTTAC,CAGTATAGCGGTCTATAAGTT
A,T,C,G,T,A,GCTATACTAGCAATTGGTTTAC,CAGTATAGTGGACTATAAGTT
A,T,C,G,T,G,GCTATACTAGCAATTGGTTTAC,CAGTATAGTGGGCTATAAGTT
A,T,C,G,T,T,GCTATACTAGCAATTGGTTTAC,CAGTATAGTGGTCTATAAGTT
A,T,T,A,C,A,GCTATACTAGCAATTGGTTTAC,TAATATAGCGGACTATAAGTT
A,T,T,A,C,G,GCTATACTAGCAATTGGTTTAC,TAATATAGCGGGCTATAAGTT
A,T,T,A,C,T,GCTATACTAGCAATTGGTTTAC,TAATATAGCGGTCTATAAGTT
A,T,T,A,T,A,GCTATACTAGCAATTGGTTTAC,TAATATAGTGGACTATAAGTT
A,T,T,A,T,G,GCTATACTAGCAATTGGTTTAC,TAATATAGTGGGCTATAAGTT
A,T,T,A,T,T,GCTATACTAGCAATTGGTTTAC,TAATATAGTGGTCTATAAGTT
A,T,T,G,C,A,GCTATACTAGCAATTGGTTTAC,TAGTATAGCGGACTATAAGTT
A,T,T,G,C,G,GCTATACTAGCAATTGGTTTAC,TAGTATAGCGGGCTATAAGTT
A,T,T,G,C,T,GCTATACTAGCAATTGGTTTAC,TAGTATAGCGGTCTATAAGTT
A,T,T,G,T,A,GCTATACTAGCAATTGGTTTAC,TAGTATAGTGGACTATAAGTT
A,T,T,G,T,G,GCTATACTAGCAATTGGTTTAC,TAGTATAGTGGGCTATAAGTT
A,T,T,G,T,T,GCTATACTAGCAATTGGTTTAC,TAGTATAGTGGTCTATAAGTT
G,C,C,A,C,A,GCTATACTGGCAATTGGCTTAC,CAATATAGCGGACTATAAGTT
G,C,C,A,C,G,GCTATACTGGCAATTGGCTTAC,CAATATAGCGGGCTATAAGTT
G,C,C,A,C,T,GCTATACTGGCAATTGGCTTAC,CAATATAGCGGTCTATAAGTT
G,C,C,A,T,A,GCTATACTGGCAATTGGCTTAC,CAATATAGTGGACTATAAGTT
G,C,C,A,T,G,GCTATACTGGCAATTGGCTTAC,CAATATAGTGGGCTATAAGTT
G,C,C,A,T,T,GCTATACTGGCAATTGGCTTAC,CAATATAGTGGTCTATAAGTT
G,C,C,G,C,A,GCTATACTGGCAATTGGCTTAC,CAGTATAGCGGACTATAAGTT
G,C,C,G,C,G,GCTATACTGGCAATTGGCTTAC,CAGTATAGCGGGCTATAAGTT
G,C,C,G,C,T,GCTATACTGGCAATTGGCTTAC,CAGTATAGCGGTCTATAAGTT
G,C,C,G,T,A,GCTATACTGGCAATTGGCTTAC,CAGTATAGTGGACTATAAGTT
G,C,C,G,T,G,GCTATACTGGCAATTGGCTTAC,CAGTATAGTGGGCTATAAGTT
G,C,C,G,T,T,GCTATACTGGCAATTGGCTTAC,CAGTATAGTGGTCTATAAGTT
G,C,T,A,C,A,GCTATACTGGCAATTGGCTTAC,TAATATAGCGGACTATAAGTT
G,C,T,A,C,G,GCTATACTGGCAATTGGCTTAC,TAATATAGCGGGCTATAAGTT
G,C,T,A,C,T,GCTATACTGGCAATTGGCTTAC,TAATATAGCGGTCTATAAGTT
G,C,T,A,T,A,GCTATACTGGCAATTGGCTTAC,TAATATAGTGGACTATAAGTT
G,C,T,A,T,G,GCTATACTGGCAATTGGCTTAC,TAATATAGTGGGCTATAAGTT
G,C,T,A,T,T,GCTATACTGGCAATTGGCTTAC,TAATATAGTGGTCTATAAGTT
G,C,T,G,C,A,GCTATACTGGCAATTGGCTTAC,TAGTATAGCGGACTATAAGTT
G,C,T,G,C,G,GCTATACTGGCAATTGGCTTAC,TAGTATAGCGGGCTATAAGTT
G,C,T,G,C,T,GCTATACTGGCAATTGGCTTAC,TAGTATAGCGGTCTATAAGTT
G,C,T,G,T,A,GCTATACTGGCAATTGGCTTAC,TAGTATAGTGGACTATAAGTT
G,C,T,G,T,G,GCTATACTGGCAATTGGCTTAC,TAGTATAGTGGGCTATAAGTT
G,C,T,G,T,T,GCTATACTGGCAATTGGCTTAC,TAGTATAGTGGTCTATAAGTT
G,T,C,A,C,A,GCTATACTGGCAATTGGTTTAC,CAATATAGCGGACTATAAGTT
G,T,C,A,C,G,GCTATACTGGCAATTGGTTTAC,CAATATAGCGGGCTATAAGTT
G,T,C,A,C,T,GCTATACTGGCAATTGGTTTAC,CAATATAGCGGTCTATAAGTT
G,T,C,A,T,A,GCTATACTGGCAATTGGTTTAC,CAATATAGTGGACTATAAGTT
G,T,C,A,T,G,GCTATACTGGCAATTGGTTTAC,CAATATAGTGGGCTATAAGTT
G,T,C,A,T,T,GCTATACTGGCAATTGGTTTAC,CAATATAGTGGTCTATAAGTT
G,T,C,G,C,A,GCTATACTGGCAATTGGTTTAC,CAGTATAGCGGACTATAAGTT
G,T,C,G,C,G,GCTATACTGGCAATTGGTTTAC,CAGTATAGCGGGCTATAAGTT
G,T,C,G,C,T,GCTATACTGGCAATTGGTTTAC,CAGTATAGCGGTCTATAAGTT
G,T,C,G,T,A,GCTATACTGGCAATTGGTTTAC,CAGTATAGTGGACTATAAGTT
G,T,C,G,T,G,GCTATACTGGCAATTGGTTTAC,CAGTATAGTGGGCTATAAGTT
G,T,C,G,T,T,GCTATACTGGCAATTGGTTTAC,CAGTATAGTGGTCTATAAGTT
G,T,T,A,C,A,GCTATACTGGCAATTGGTTTAC,TAATATAGCGGACTATAAGTT
G,T,T,A,C,G,GCTATACTGGCAATTGGTTTAC,TAATATAGCGGGCTATAAGTT
G,T,T,A,C,T,GCTATACTGGCAATTGGTTTAC,TAATATAGCGGTCTATAAGTT
G,T,T,A,T,A,GCTATACTGGCAATTGGTTTAC,TAATATAGTGGACTATAAGTT
G,T,T,A,T,G,GCTATACTGGCAATTGGTTTAC,TAATATAGTGGGCTATAAGTT
G,T,T,A,T,T,GCTATACTGGCAATTGGTTTAC,TAATATAGTGGTCTATAAGTT
G,T,T,G,C,A,GCTATACTGGCAATTGGTTTAC,TAGTATAGCGGACTATAAGTT
G,T,T,G,C,G,GCTATACTGGCAATTGGTTTAC,TAGTATAGCGGGCTATAAGTT
G,T,T,G,C,T,GCTATACTGGCAATTGGTTTAC,TAGTATAGCGGTCTATAAGTT
G,T,T,G,T,A,GCTATACTGGCAATTGGTTTAC,TAGTATAGTGGACTATAAGTT
G,T,T,G,T,G,GCTATACTGGCAATTGGTTTAC,TAGTATAGTGGGCTATAAGTT
G,T,T,G,T,T,GCTATACTGGCAATTGGTTTAC,TAGTATAGTGGTCTATAAGTT
