GCTATACTAGCAATTGGCTTAC,CAATATAGCCGGACTATAAGTT
GCTATACTAGCAATTGGCTTAC,CAATATAGCCGGGCTATAAGTT
GCTATACTAGCAATTGGCTTAC,CAATATAGCCGGTCTATAAGTT
GCTATACTAGCAATTGGCTTAC,CAATATAGCTGGACTATAAGTT
GCTATACTAGCAATTGGCTTAC,CAATATAGCTGGGCTATAAGTT
GCTATACTAGCAATTGGCTTAC,CAATATAGCTGGTCTATAAGTT
GCTATACTAGCAATTGGCTTAC,CAGTATAGCCGGACTATAAGTT
GCTATACTAGCAATTGGCTTAC,CAGTATAGCCGGGCTATAAGTT
GCTATACTAGCAATTGGCTTAC,CAGTATAGCCGGTCTATAAGTT
GCTATACTAGCAATTGGCTTAC,CAGTATAGCTGGACTATAAGTT
GCTATACTAGCAATTGGCTTAC,CAGTATAGCTGGGCTATAAGTT
GCTATACTAGCAATTGGCTTAC,CAGTATAGCTGGTCTATAAGTT
GCTATACTAGCAATTGGCTTAC,TAATATAGCCGGACTATAAGTT
GCTATACTAGCAATTGGCTTAC,TAATATAGCCGGGCTATAAGTT
GCTATACTAGCAATTGGCTTAC,TAATATAGCCGGTCTATAAGTT
GCTATACTAGCAATTGGCTTAC,TAATATAGCTGGACTATAAGTT
GCTATACTAGCAATTGGCTTAC,TAATATAGCTGGGCTATAAGTT
GCTATACTAGCAATTGGCTTAC,TAATATAGCTGGTCTATAAGTT
GCTATACTAGCAATTGGCTTAC,TAGTATAGCCGGACTATAAGTT
GCTATACTAGCAATTGGCTTAC,TAGTATAGCCGGGCTATAAGTT
GCTATACTAGCAATTGGCTTAC,TAGTATAGCCGGTCTATAAGTT
GCTATACTAGCAATTGGCTTAC,TAGTATAGCTGGACTATAAGTT
GCTATACTAGCAATTGGCTTAC,TAGTATAGCTGGGCTATAAGTT
GCTATACTAGCAATTGGCTTAC,TAGTATAGCTGGTCTATAAGTT
GCTATACTAGCAATTGGTTTAC,CAATATAGCCGGACTATAAGTT
GCTATACTAGCAATTGGTTTAC,CAATATAGCCGGGCTATAAGTT
GCTATACTAGCAATTGGTTTAC,CAATATAGCCGGTCTATAAGTT
GCTATACTAGCAATTGGTTTAC,CAATATAGCTGGACTATAAGTT
GCTATACTAGCAATTGGTTTAC,CAATATAGCTGGGCTATAAGTT
GCTATACTAGCAATTGGTTTAC,CAATATAGCTGGTCTATAAGTT
GCTATACTAGCAATTGGTTTAC,CAGTATAGCCGGACTATAAGTT
GCTATACTAGCAATTGGTTTAC,CAGTATAGCCGGGCTATAAGTT
GCTATACTAGCAATTGGTTTAC,CAGTATAGCCGGTCTATAAGTT
GCTATACTAGCAATTGGTTTAC,CAGTATAGCTGGACTATAAGTT
GCTATACTAGCAATTGGTTTAC,CAGTATAGCTGGGCTATAAGTT
GCTATACTAGCAATTGGTTTAC,CAGTATAGCTGGTCTATAAGTT
GCTATACTAGCAATTGGTTTAC,TAATATAGCCGGACTATAAGTT
GCTATACTAGCAATTGGTTTAC,TAATATAGCCGGGCTATAAGTT
GCTATACTAGCAATTGGTTTAC,TAATATAGCCGGTCTATAAGTT
GCTATACTAGCAATTGGTTTAC,TAATATAGCTGGACTATAAGTT
GCTATACTAGCAATTGGTTTAC,TAATATAGCTGGGCTATAAGTT
GCTATACTAGCAATTGGTTTAC,TAATATAGCTGGTCTATAAGTT
GCTATACTAGCAATTGGTTTAC,TAGTATAGCCGGACTATAAGTT
GCTATACTAGCAATTGGTTTAC,TAGTATAGCCGGGCTATAAGTT
GCTATACTAGCAATTGGTTTAC,TAGTATAGCCGGTCTATAAGTT
GCTATACTAGCAATTGGTTTAC,TAGTATAGCTGGACTATAAGTT
GCTATACTAGCAATTGGTTTAC,TAGTATAGCTGGGCTATAAGTT
GCTATACTAGCAATTGGTTTAC,TAGTATAGCTGGTCTATAAGTT
GCTATACTGGCAATTGGCTTAC,CAATATAGCCGGACTATAAGTT
GCTATACTGGCAATTGGCTTAC,CAATATAGCCGGGCTATAAGTT
GCTATACTGGCAATTGGCTTAC,CAATATAGCCGGTCTATAAGTT
GCTATACTGGCAATTGGCTTAC,CAATATAGCTGGACTATAAGTT
GCTATACTGGCAATTGGCTTAC,CAATATAGCTGGGCTATAAGTT
GCTATACTGGCAATTGGCTTAC,CAATATAGCTGGTCTATAAGTT
GCTATACTGGCAATTGGCTTAC,CAGTATAGCCGGACTATAAGTT
GCTATACTGGCAATTGGCTTAC,CAGTATAGCCGGGCTATAAGTT
GCTATACTGGCAATTGGCTTAC,CAGTATAGCCGGTCTATAAGTT
GCTATACTGGCAATTGGCTTAC,CAGTATAGCTGGACTATAAGTT
GCTATACTGGCAATTGGCTTAC,CAGTATAGCTGGGCTATAAGTT
GCTATACTGGCAATTGGCTTAC,CAGTATAGCTGGTCTATAAGTT
GCTATACTGGCAATTGGCTTAC,TAATATAGCCGGACTATAAGTT
GCTATACTGGCAATTGGCTTAC,TAATATAGCCGGGCTATAAGTT
GCTATACTGGCAATTGGCTTAC,TAATATAGCCGGTCTATAAGTT
GCTATACTGGCAATTGGCTTAC,TAATATAGCTGGACTATAAGTT
GCTATACTGGCAATTGGCTTAC,TAATATAGCTGGGCTATAAGTT
GCTATACTGGCAATTGGCTTAC,TAATATAGCTGGTCTATAAGTT
GCTATACTGGCAATTGGCTTAC,TAGTATAGCCGGACTATAAGTT
GCTATACTGGCAATTGGCTTAC,TAGTATAGCCGGGCTATAAGTT
GCTATACTGGCAATTGGCTTAC,TAGTATAGCCGGTCTATAAGTT
GCTATACTGGCAATTGGCTTAC,TAGTATAGCTGGACTATAAGTT
GCTATACTGGCAATTGGCTTAC,TAGTATAGCTGGGCTATAAGTT
GCTATACTGGCAATTGGCTTAC,TAGTATAGCTGGTCTATAAGTT
GCTATACTGGCAATTGGTTTAC,CAATATAGCCGGACTATAAGTT
GCTATACTGGCAATTGGTTTAC,CAATATAGCCGGGCTATAAGTT
GCTATACTGGCAATTGGTTTAC,CAATATAGCCGGTCTATAAGTT
GCTATACTGGCAATTGGTTTAC,CAATATAGCTGGACTATAAGTT
GCTATACTGGCAATTGGTTTAC,CAATATAGCTGGGCTATAAGTT
GCTATACTGGCAATTGGTTTAC,CAATATAGCTGGTCTATAAGTT
GCTATACTGGCAATTGGTTTAC,CAGTATAGCCGGACTATAAGTT
GCTATACTGGCAATTGGTTTAC,CAGTATAGCCGGGCTATAAGTT
GCTATACTGGCAATTGGTTTAC,CAGTATAGCCGGTCTATAAGTT
GCTATACTGGCAATTGGTTTAC,CAGTATAGCTGGACTATAAGTT
GCTATACTGGCAATTGGTTTAC,CAGTATAGCTGGGCTATAAGTT
GCTATACTGGCAATTGGTTTAC,CAGTATAGCTGGTCTATAAGTT
GCTATACTGGCAATTGGTTTAC,TAATATAGCCGGACTATAAGTT
GCTATACTGGCAATTGGTTTAC,TAATATAGCCGGGCTATAAGTT
GCTATACTGGCAATTGGTTTAC,TAATATAGCCGGTCTATAAGTT
GCTATACTGGCAATTGGTTTAC,TAATATAGCTGGACTATAAGTT
GCTATACTGGCAATTGGTTTAC,TAATATAGCTGGGCTATAAGTT
GCTATACTGGCAATTGGTTTAC,TAATATAGCTGGTCTATAAGTT
GCTATACTGGCAATTGGTTTAC,TAGTATAGCCGGACTATAAGTT
GCTATACTGGCAATTGGTTTAC,TAGTATAGCCGGGCTATAAGTT
GCTATACTGGCAATTGGTTTAC,TAGTATAGCCGGTCTATAAGTT
GCTATACTGGCAATTGGTTTAC,TAGTATAGCTGGACTATAAGTT
GCTATACTGGCAATTGGTTTAC,TAGTATAGCTGGGCTATAAGTT
GCTATACTGGCAATTGGTTTAC,TAGTATAGCTGGTCTATAAGTT
